REM INSERTING into TEST.CUSTOMER
SET DEFINE OFF;
Insert into TEST.CUSTOMER (CUSTOMER_ID,FIRST_NAME,LAST_NAME,ADDRESS,PHONE) values (1,'khaled','tawfik',null,null);
REM INSERTING into TEST.JOURNEY
SET DEFINE OFF;
Insert into TEST.JOURNEY (JOURNEY_ID,TRAIN_ID,DEPARTURE_STATION_ID,DESTINATION_STATION_ID,DURATION,JOURNEY_DATE,PRICE,PLATFORM_DEPARTURE,DEPARTURE_TIME,ARRIVAL_TIME,PLATFORM_ARRIVAL) values (1,2,1,2,null,to_date('30-NOV-19','DD-MON-RR'),20,6,to_timestamp('30-NOV-19 08.00.00.761000000 AM','DD-MON-RR HH.MI.SSXFF AM'),to_timestamp('30-NOV-19 09.15.00.063000000 AM','DD-MON-RR HH.MI.SSXFF AM'),2);
Insert into TEST.JOURNEY (JOURNEY_ID,TRAIN_ID,DEPARTURE_STATION_ID,DESTINATION_STATION_ID,DURATION,JOURNEY_DATE,PRICE,PLATFORM_DEPARTURE,DEPARTURE_TIME,ARRIVAL_TIME,PLATFORM_ARRIVAL) values (2,1,1,2,null,to_date('30-NOV-19','DD-MON-RR'),15,5,to_timestamp('30-NOV-19 10.00.00.025000000 AM','DD-MON-RR HH.MI.SSXFF AM'),to_timestamp('30-NOV-19 11.30.00.209000000 AM','DD-MON-RR HH.MI.SSXFF AM'),1);
Insert into TEST.JOURNEY (JOURNEY_ID,TRAIN_ID,DEPARTURE_STATION_ID,DESTINATION_STATION_ID,DURATION,JOURNEY_DATE,PRICE,PLATFORM_DEPARTURE,DEPARTURE_TIME,ARRIVAL_TIME,PLATFORM_ARRIVAL) values (3,1,3,4,null,to_date('23-NOV-19','DD-MON-RR'),45,4,to_timestamp('23-NOV-19 03.03.36.547000000 PM','DD-MON-RR HH.MI.SSXFF AM'),to_timestamp('23-NOV-19 03.03.40.854000000 PM','DD-MON-RR HH.MI.SSXFF AM'),1);
Insert into TEST.JOURNEY (JOURNEY_ID,TRAIN_ID,DEPARTURE_STATION_ID,DESTINATION_STATION_ID,DURATION,JOURNEY_DATE,PRICE,PLATFORM_DEPARTURE,DEPARTURE_TIME,ARRIVAL_TIME,PLATFORM_ARRIVAL) values (4,2,1,2,null,to_date('30-NOV-19','DD-MON-RR'),23,4,to_timestamp('30-NOV-19 01.15.00.919000000 PM','DD-MON-RR HH.MI.SSXFF AM'),to_timestamp('30-NOV-19 03.00.00.413000000 PM','DD-MON-RR HH.MI.SSXFF AM'),3);
REM INSERTING into TEST.PAYMENT
SET DEFINE OFF;
Insert into TEST.PAYMENT (PAYMENT_ID,TYPE) values (1,'Master Card');
Insert into TEST.PAYMENT (PAYMENT_ID,TYPE) values (2,'Bank Transfer');
REM INSERTING into TEST.PLATFORM
SET DEFINE OFF;
Insert into TEST.PLATFORM (PLATFORM_ID,DESCRIPTION) values (1,null);
Insert into TEST.PLATFORM (PLATFORM_ID,DESCRIPTION) values (2,null);
Insert into TEST.PLATFORM (PLATFORM_ID,DESCRIPTION) values (3,null);
Insert into TEST.PLATFORM (PLATFORM_ID,DESCRIPTION) values (4,null);
Insert into TEST.PLATFORM (PLATFORM_ID,DESCRIPTION) values (5,null);
Insert into TEST.PLATFORM (PLATFORM_ID,DESCRIPTION) values (6,null);
Insert into TEST.PLATFORM (PLATFORM_ID,DESCRIPTION) values (7,null);
Insert into TEST.PLATFORM (PLATFORM_ID,DESCRIPTION) values (8,null);
Insert into TEST.PLATFORM (PLATFORM_ID,DESCRIPTION) values (9,null);
Insert into TEST.PLATFORM (PLATFORM_ID,DESCRIPTION) values (10,null);
REM INSERTING into TEST.STATION
SET DEFINE OFF;
Insert into TEST.STATION (STATION_ID,STATION_NAME,CITY) values (1,'Plymouth','Plymouth');
Insert into TEST.STATION (STATION_ID,STATION_NAME,CITY) values (2,'Truro','Truro');
Insert into TEST.STATION (STATION_ID,STATION_NAME,CITY) values (21,'Victoria','London');
Insert into TEST.STATION (STATION_ID,STATION_NAME,CITY) values (3,'Heathrow Central','London');
Insert into TEST.STATION (STATION_ID,STATION_NAME,CITY) values (4,'Kenton','London');
Insert into TEST.STATION (STATION_ID,STATION_NAME,CITY) values (22,'Birmingham','Birmingham');
Insert into TEST.STATION (STATION_ID,STATION_NAME,CITY) values (23,'Glasgow Central','Glasgow');
Insert into TEST.STATION (STATION_ID,STATION_NAME,CITY) values (24,'Leeds','Leeds');
Insert into TEST.STATION (STATION_ID,STATION_NAME,CITY) values (25,'Brighton','Brighton');
REM INSERTING into TEST.TICKET
SET DEFINE OFF;
REM INSERTING into TEST.TRAIN
SET DEFINE OFF;
Insert into TEST.TRAIN (TRAIN_ID,MODEL) values (1,'456');
Insert into TEST.TRAIN (TRAIN_ID,MODEL) values (2,'957');